r,z,i,x,s,f,w,r,n,t,m,h,z,a,e,f,?,s,v,u,g,u,p,u,m,t,h,x,u,z
r,y,e,e,j,i,h,o,q,n,b,p,y,t,n,r,?,d,f,t,o,h,k,b,s,c,f,q,h,j
q,m,v,t,s,t,u,g,a,v,g,z,x,v,n,k,?,o,t,j,r,u,k,y,z,k,z,c,d,x
z,t,y,f,y,h,y,f,v,c,p,z,y,b,g,m,?,r,q,p,c,b,e,c,t,t,t,r,z,r
e,s,i,r,n,c,l,i,x,x,r,b,u,d,o,f,?,b,r,i,m,f,l,u,x,l,m,e,w,f
p,c,p,b,z,l,x,p,u,h,x,v,o,m,n,t,?,c,n,y,c,r,r,m,j,v,v,a,r,r
b,q,s,c,p,z,l,y,e,v,d,c,t,p,p,u,?,n,s,x,l,x,r,f,o,k,s,j,a,o
i,q,f,l,j,x,g,p,g,r,j,l,k,f,g,d,?,j,w,z,z,b,n,n,y,j,j,u,l,l
f,m,q,d,x,f,p,v,b,f,g,p,z,h,c,s,?,e,b,o,i,n,m,e,f,l,r,l,h,e
f,k,b,n,b,w,v,l,n,q,h,r,n,s,p,z,?,i,i,f,b,o,r,t,y,m,r,x,h,e
i,s,f,w,q,d,i,b,t,k,s,f,e,z,h,p,?,d,o,l,k,c,t,c,a,r,j,q,d,s
a,u,p,k,m,f,r,i,y,o,w,z,n,t,g,n,?,r,o,r,h,o,i,y,f,h,t,z,n,d
a,t,v,s,s,e,n,w,u,x,c,u,m,w,j,x,?,o,n,r,s,s,y,b,e,x,b,g,g,u
v,m,b,l,m,u,g,p,o,r,x,k,c,n,z,n,?,i,a,p,y,y,d,a,c,v,n,g,l,a
w,x,u,h,s,h,o,e,r,k,g,x,t,t,g,d,?,h,a,i,t,o,y,i,x,m,r,y,r,b
